River,Station,Latitude,Longitude,2026-08-20,2026-08-21
River Indus,Kargil,34.56,76.13,0.6,2.3
River Indus,Leh and Ladakh,34.15,77.58,1.2,5.2
River Indus,Kakul,34.18,73.25,26.9,1.1
River Indus,Malam Jabba,34.79,72.57,11.5,3.3
River Jhelum,Srinagar,34.08,74.79,0.3,1.1
River Jhelum,Bandipore,34.42,74.64,2.7,4.1
River Jhelum,Pulwama,33.87,74.89,4.8,1.7
River Jhelum,Badgam,34.02,74.77,0.3,
River Jhelum,Kupwara,34.53,74.26,,2.1
River Jhelum,Baramulla,34.2,74.35,3.1,1.7
River Jhelum,Anantnag,33.73,75.15,2.0,1.2
River Jhelum,Poonch,33.77,74.09,6.5,5.0
River Jhelum,Qila Rohtas,32.65,73.58,13.0,2.2
River Jhelum,Mangla,33.14,73.64,28.8,1.1
River Jhelum,Mandi Bahauddin,32.59,73.49,10.7,1.4
River Jhelum,Chakwal,32.93,72.86,21.1,2.4
River Jhelum,Palandri,33.71,73.75,,
River Chenab,Kishtwar,33.31,75.77,3.9,5.8
River Chenab,Ramban,33.24,75.24,6.3,1.0
River Chenab,Reasi,33.08,74.83,8.4,4.2
River Chenab,Jammu,32.73,74.86,6.0,0.6
River Chenab,Rajouri,33.38,74.31,2.6,4.2
River Chenab,Doda,33.15,75.55,0.2,2.3
River Chenab,Gujranwala,32.16,74.19,4.6,1.7
River Chenab,Sialkot,32.49,74.52,2.2,
River Chenab,Hafizabad,32.07,73.69,,1.1
River Chenab,Gujrat,32.57,74.08,14.8,0.4
River Ravi,Chamba,32.55,76.13,1.7,5.1
River Ravi,Kathua,32.37,75.52,12.3,1.2
River Ravi,Gurdaspur,32.04,75.4,3.0,1.1
River Ravi,Pathankot,32.27,75.65,9.4,1.5
River Ravi,Narowal,32.1,74.87,5.3,0.6
River Ravi,Okara,30.81,73.45,2.3,0.2
River Ravi,Lahore,31.52,74.36,,1.0
River Sutlej,Bilaspur,31.33,76.76,,
River Sutlej,Kangra,32.1,76.27,0.0,2.2
River Sutlej,Kullu,31.96,77.11,0.3,2.7
River Sutlej,Mandi,31.71,76.93,0.3,3.4
River Sutlej,Solan,30.9,77.1,4.7,3.1
River Sutlej,Hoshiarpur,31.53,75.91,3.3,0.8
River Sutlej,Kapurthala,31.38,75.38,0.7,1.8
River Sutlej,Bahawalnagar,29.99,73.25,1.2,0.0
Nullah Aik & Palku,Udhampur,32.92,75.14,13.1,5.0
Nullah Deg,Samba,32.57,75.12,9.5,1.3
